ID,Levels,ParentID,CompanyID,Code,Name,Remark,IsMachineType,IsSpecs,speed,combCount,MachineWidth,factWidth,ALLPinCount,factPinCount,Power,HasSysDefine,HasDefault,HasUse,HasStop,Stoper,StopDate,StopMemo,HasCheck,Checker,CheckTime,Writer,WriteTime,Modifier,ModifyTime,RuleChildID,MachineKG,DayUrnCount,Coefficient,JBMachineType,ProgramID,DyeRate
1004,23985829,1,3,004,整经机,NULL,1,0,0.0000,NULL,NULL,NULL,NULL,NULL,NULL,0,0,0,0,NULL,NULL,NULL,0,NULL,NULL,101858,2006-11-28 11:43:55.000,NULL,NULL,NULL,NULL,NULL,NULL,NULL,NULL,NULL
1004001,0,1004,3,00401,盘头机,NULL,0,1,1.0000,1,1.0000,1.0000,1,1,1.0000,0,0,0,0,NULL,NULL,NULL,1,11122,2008-01-14 09:50:39.000,12735,2006-12-12 17:42:02.000,11122,2008-01-14 09:50:40.000,NULL,NULL,NULL,NULL,NULL,NULL,NULL
1004002,0,1004,3,00402,花轴机,NULL,0,1,1.0000,1,1.0000,1.0000,1,1,1.0000,0,0,0,0,NULL,NULL,NULL,0,,NULL,12735,2006-12-12 17:49:07.000,201147,2014-12-13 14:09:57.000,NULL,NULL,NULL,NULL,NULL,NULL,NULL
1004003,0,1004,4,00403,加捻机,NULL,0,1,1.0000,1,1.0000,1.0000,1,1,1.0000,0,0,0,0,NULL,NULL,NULL,0,NULL,NULL,202817,2013-12-26 16:29:56.000,202817,2013-12-26 16:30:42.000,NULL,NULL,NULL,1.00,NULL,NULL,NULL
1005,23985829,1,3,005,染色机,NULL,1,0,0.0000,NULL,NULL,NULL,NULL,NULL,NULL,0,0,0,0,NULL,NULL,NULL,0,NULL,NULL,101858,2006-11-28 11:44:23.000,108468,2012-02-27 11:44:57.000,NULL,NULL,NULL,NULL,NULL,NULL,NULL
1005001,0,1005,4,00501,染缸(生产),1,1,0,1.0000,1,1.0000,1.0000,1,1,1.0000,0,0,0,0,NULL,NULL,NULL,0,,NULL,12735,2006-12-12 17:56:03.000,277493,2018-11-15 10:19:22.000,NULL,NULL,NULL,NULL,NULL,NULL,NULL
1005001001,0,1005001,4,dp001,同华染机10K,NULL,0,1,1.0000,1,1.0000,1.0000,1,1,1.0000,0,0,0,0,NULL,NULL,NULL,0,NULL,NULL,administrator,2007-12-14 22:01:30.000,108468,2012-02-27 14:33:13.000,NULL,10.00,4.00,1.00,NULL,NULL,1.00
1005001002,0,1005001,4,DP002,同华染机250K,NULL,0,1,1.0000,1,1.0000,1.0000,1,1,1.0000,0,0,0,0,NULL,NULL,NULL,0,NULL,NULL,administrator,2007-12-14 22:04:46.000,108468,2012-02-27 14:33:27.000,NULL,250.00,3.00,1.29,NULL,NULL,1.30
1005001003,0,1005001,4,DP003,亚机染机500K,NULL,0,1,1.0000,1,1.0000,1.0000,1,1,1.0000,0,0,0,0,NULL,NULL,NULL,0,NULL,NULL,administrator,2007-12-14 22:05:28.000,108468,2012-02-27 14:33:34.000,NULL,500.00,3.00,1.72,NULL,NULL,1.50
1005001004,0,1005001,4,DP004,立信染机250KG,NULL,0,1,1.0000,1,1.0000,1.0000,1,1,1.0000,0,0,0,0,NULL,NULL,NULL,0,NULL,NULL,administrator,2007-12-14 22:06:05.000,108468,2012-02-27 14:33:42.000,NULL,250.00,3.00,1.29,NULL,NULL,1.30
1005001005,0,1005001,4,RS005,立信染机30KG,NULL,0,1,1.0000,1,1.0000,1.0000,1,1,1.0000,0,0,0,0,NULL,NULL,NULL,0,NULL,NULL,administrator,2007-12-14 22:07:04.000,108468,2012-02-27 14:33:47.000,NULL,30.00,4.00,1.00,NULL,NULL,1.00
1005001006,0,1005001,4,RS006,立信染机60KG,NULL,0,1,1.0000,1,1.0000,1.0000,1,1,1.0000,0,0,0,0,NULL,NULL,NULL,0,NULL,NULL,administrator,2007-12-14 22:07:43.000,108468,2012-02-27 14:33:52.000,NULL,60.00,3.50,1.00,NULL,NULL,1.00
1005001007,0,1005001,4,RS007,立信染机120KG,NULL,0,1,1.0000,1,1.0000,1.0000,1,1,1.0000,0,0,0,0,NULL,NULL,NULL,0,NULL,NULL,administrator,2007-12-14 22:08:15.000,108468,2012-02-27 14:33:56.000,NULL,120.00,3.00,1.00,NULL,NULL,1.00
1005001008,0,1005001,4,RS008,立信染机1000KG,NULL,0,1,1.0000,1,1.0000,11.0000,1,1,1.0000,0,0,0,0,NULL,NULL,NULL,0,NULL,NULL,administrator,2007-12-14 22:09:29.000,108468,2012-02-27 14:34:01.000,NULL,1000.00,3.00,1.86,NULL,NULL,1.80
1005001009,0,1005001,4,RS009,除油机,NULL,0,1,1.0000,1,1.0000,1.0000,1,1,1.0000,0,0,0,0,NULL,NULL,NULL,0,NULL,NULL,administrator,2007-12-14 22:17:11.000,108468,2012-02-27 14:34:07.000,NULL,1000.00,NULL,NULL,NULL,NULL,1.00
1005001010,0,1005001,4,RS010,同华染机100KG,NULL,0,1,1.0000,1,1.0000,1.0000,1,1,1.0000,0,0,0,0,NULL,NULL,NULL,0,NULL,NULL,112775,2009-02-28 09:48:43.000,108468,2012-02-27 14:34:22.000,NULL,100.00,3.00,1.29,NULL,NULL,1.00
1005001011,0,1005001,4,RS011,同华染机500KG,NULL,0,1,1.0000,1,1.0000,1.0000,1,1,1.0000,0,0,0,0,NULL,NULL,NULL,0,NULL,NULL,112775,2009-02-28 09:51:20.000,108468,2012-02-27 14:34:35.000,NULL,500.00,3.00,1.72,NULL,NULL,1.50
1005001012,0,1005001,4,RS012,同华染机1000KG,NULL,0,1,1.0000,1,1.0000,1.0000,1,1,1.0000,0,0,0,0,NULL,NULL,NULL,0,NULL,NULL,108058,2009-03-19 09:40:03.000,108468,2012-02-27 14:34:41.000,NULL,1000.00,3.00,1.86,NULL,NULL,1.80
1005001013,0,1005001,4,RS013,亚机染机25K,NULL,0,1,1.0000,1,1.0000,1.0000,1,1,1.0000,0,0,0,0,NULL,NULL,NULL,0,NULL,NULL,108468,2014-02-16 08:02:56.000,NULL,NULL,NULL,25.00,4.00,1.00,NULL,NULL,1.00
1005001014,0,1005001,4,RS014,亚机染机40K,NULL,0,1,1.0000,1,1.0000,1.0000,1,1,1.0000,0,0,0,0,NULL,NULL,NULL,0,NULL,NULL,108468,2014-02-16 08:03:35.000,108468,2014-02-21 11:19:27.000,NULL,40.00,4.00,1.00,NULL,NULL,1.00
1005001015,0,1005001,4,RS015,亚机染机150KG,NULL,0,1,1.0000,1,1.0000,1.0000,1,1,1.0000,0,0,0,0,NULL,NULL,NULL,0,NULL,NULL,108468,2014-02-16 08:04:51.000,108468,2014-02-16 17:46:24.000,NULL,150.00,3.00,1.00,NULL,NULL,1.00
1005001016,0,1005001,4,RS016,亚机染机250KG,NULL,0,1,1.0000,1,1.0000,1.0000,1,1,1.0000,0,0,0,0,NULL,NULL,NULL,0,NULL,NULL,108468,2014-02-16 17:47:38.000,108468,2014-02-21 11:19:38.000,NULL,250.00,3.00,1.00,NULL,NULL,1.00
1005001017,0,1005001,4,RS017,亚机染机100KG,NULL,0,1,1.0000,1,1.0000,1.0000,1,1,1.0000,0,0,0,0,NULL,NULL,NULL,0,NULL,NULL,108468,2014-02-16 17:52:44.000,108468,2014-02-21 11:19:44.000,NULL,100.00,3.00,1.00,NULL,NULL,1.00
1005001018,0,1005001,4,RS018,亚机染机1000KG,NULL,0,1,1.0000,1,1.0000,1.0000,1,1,1.0000,0,0,0,0,NULL,NULL,NULL,0,NULL,NULL,108468,2014-02-17 08:32:43.000,108468,2014-02-21 11:19:50.000,NULL,1000.00,3.00,1.00,NULL,NULL,1.00
1006,1,1,3,006,打卷机,NULL,1,0,0.0000,NULL,NULL,NULL,NULL,NULL,NULL,0,0,0,0,NULL,NULL,NULL,0,NULL,NULL,101858,2006-11-29 15:36:33.000,administrator,2007-08-14 10:04:52.000,NULL,NULL,NULL,NULL,NULL,NULL,NULL
1007,1,1,3,007,包装机,NULL,0,1,0.0000,NULL,NULL,NULL,NULL,NULL,NULL,0,0,0,0,NULL,NULL,NULL,0,NULL,NULL,101858,2006-12-09 14:38:10.000,277493,2018-11-14 18:00:20.000,NULL,NULL,NULL,NULL,NULL,NULL,NULL
1007001,0,1007,4,007001,32,NULL,0,0,0.0000,NULL,NULL,NULL,NULL,NULL,NULL,0,0,0,0,NULL,NULL,NULL,0,NULL,NULL,108468,2010-07-16 14:12:58.000,NULL,NULL,NULL,3.00,NULL,NULL,NULL,NULL,NULL
1008,1,1,4,009,固定资产,NULL,1,0,0.0000,NULL,NULL,NULL,NULL,NULL,NULL,0,0,0,0,NULL,NULL,NULL,1,110174,2007-09-27 17:41:23.000,12735,2006-12-12 15:31:52.000,110174,2007-09-27 17:41:23.000,NULL,NULL,NULL,NULL,NULL,NULL,NULL
1008001,0,1008,4,CF,厂房,NULL,0,0,0.0000,NULL,NULL,NULL,NULL,NULL,NULL,0,0,0,0,NULL,NULL,NULL,0,NULL,NULL,110174,2007-09-27 16:26:03.000,NULL,NULL,NULL,NULL,NULL,NULL,NULL,NULL,NULL
1008002,0,1008,4,PT,盘头,NULL,0,0,0.0000,NULL,NULL,NULL,NULL,NULL,NULL,0,0,0,0,NULL,NULL,NULL,0,NULL,NULL,110174,2007-09-27 16:27:01.000,NULL,NULL,NULL,NULL,NULL,NULL,NULL,NULL,NULL
1008003,0,1008,4,LK,链块,NULL,0,0,0.0000,NULL,NULL,NULL,NULL,NULL,NULL,0,0,0,0,NULL,NULL,NULL,0,NULL,NULL,110174,2007-09-27 16:27:20.000,NULL,NULL,NULL,NULL,NULL,NULL,NULL,NULL,NULL
1008004,0,1008,4,KT,空调,NULL,0,0,0.0000,NULL,NULL,NULL,NULL,NULL,NULL,0,0,0,0,NULL,NULL,NULL,0,NULL,NULL,110174,2007-09-27 16:27:45.000,NULL,NULL,NULL,NULL,NULL,NULL,NULL,NULL,NULL
1008005,0,1008,4,XC,行车,NULL,0,0,0.0000,NULL,NULL,NULL,NULL,NULL,NULL,0,0,0,0,NULL,NULL,NULL,0,NULL,NULL,110174,2007-09-27 16:27:56.000,NULL,NULL,NULL,NULL,NULL,NULL,NULL,NULL,NULL
1008006,0,1008,4,PJ,配件,NULL,0,0,0.0000,NULL,NULL,NULL,NULL,NULL,NULL,0,0,0,0,NULL,NULL,NULL,0,NULL,NULL,110174,2007-09-27 17:41:12.000,NULL,NULL,NULL,NULL,NULL,NULL,NULL,NULL,NULL
1009,97,1,4,010,经编机,NULL,1,0,0.0000,NULL,NULL,NULL,NULL,NULL,NULL,0,0,0,0,NULL,NULL,NULL,1,140100,2012-09-27 14:34:59.000,110174,2007-07-06 13:54:07.000,140100,2012-09-27 14:34:59.000,NULL,NULL,NULL,NULL,NULL,NULL,NULL
1009002,1,1009,4,JL65/1F,JL65/1F,65梳带贾卡提花电脑机,NULL,1,500.0000,71,134.0000,134.0000,3216,3216,NULL,NULL,NULL,NULL,0,NULL,NULL,NULL,1,213427,2016-04-24 08:22:07.000,ADMIN,2007-08-14 08:58:44.857,213427,2016-04-24 08:22:07.000,NULL,NULL,NULL,NULL,332543,340739,NULL
1009003,1,1009,4,MRES33,MRES33,33梳普通链块花边机,NULL,1,375.0000,33,132.0000,132.0000,3168,3168,NULL,NULL,NULL,NULL,0,NULL,NULL,NULL,1,219625,2015-09-07 13:15:51.000,ADMIN,2007-08-14 08:58:44.857,219625,2015-09-07 13:15:51.000,NULL,NULL,NULL,NULL,332542,340739,NULL
1009004,1,1009,4,MRES41,MRES41,41梳普通链块花边机,NULL,1,375.0000,41,132.0000,132.0000,3168,3168,NULL,NULL,NULL,NULL,0,NULL,NULL,NULL,1,219625,2015-09-07 13:15:40.000,ADMIN,2007-08-14 08:58:44.857,219625,2015-09-07 13:15:40.000,NULL,NULL,NULL,NULL,332542,340739,NULL
1009005,1,1009,4,MRESF31/16,MRESF31/16,35带18把压纱梳普通链块花边机,NULL,1,270.0000,35,132.0000,132.0000,3168,3168,NULL,NULL,NULL,NULL,0,NULL,NULL,NULL,1,213427,2016-03-30 16:52:10.000,ADMIN,2007-08-14 08:58:44.857,213427,2016-03-30 16:52:10.000,NULL,NULL,NULL,NULL,332542,340740,NULL
1009006,1,1009,4,MRESF39/20,MRESF39/20,39带20把压纱梳普通链块花边机,NULL,1,270.0000,39,132.0000,132.0000,3168,3168,NULL,NULL,NULL,NULL,0,NULL,NULL,NULL,1,219625,2015-09-07 13:15:13.000,ADMIN,2007-08-14 08:58:44.857,219625,2015-09-07 13:15:13.000,NULL,NULL,NULL,NULL,332542,340740,NULL
1009007,1,1009,4,MRPJ43/1,MRPJ43/1,43梳带贾卡提花电脑花边机,NULL,1,380.0000,45,132.0000,132.0000,3168,3168,NULL,NULL,NULL,NULL,0,NULL,NULL,NULL,1,219625,2015-09-07 13:15:01.000,ADMIN,2007-08-14 08:58:44.857,219625,2015-09-07 13:15:01.000,NULL,NULL,NULL,NULL,332543,340741,NULL
1009008,1,1009,4,MRPJF59/1/24,MRPJF59/1/24,59带24把压纱梳及贾卡提花和衬纬电脑花边机,NULL,1,280.0000,59,132.0000,132.0000,3168,3168,NULL,NULL,NULL,NULL,0,NULL,NULL,NULL,1,219625,2015-09-07 13:14:45.000,ADMIN,2007-08-14 08:58:44.857,219625,2015-09-07 13:14:45.000,NULL,NULL,NULL,NULL,332543,340741,NULL
1009009,1,1009,4,TL31/1/24,TL31/1/24,NULL,NULL,1,500.0000,42,134.0000,134.0000,3216,3216,NULL,NULL,NULL,NULL,0,NULL,NULL,NULL,1,219625,2015-09-07 13:14:21.000,ADMIN,2007-08-14 08:58:44.857,219625,2015-09-07 13:14:21.000,NULL,NULL,NULL,NULL,332543,340739,NULL
1009010,1,1009,4,JL42/1/B,JL42/1,42梳带贾卡提花电脑机,0,1,630.0000,47,134.0000,134.0000,3216,3216,25.0000,NULL,NULL,NULL,0,NULL,NULL,NULL,1,108468,2016-04-14 11:17:34.000,NULL,NULL,108468,2016-04-14 11:17:34.000,NULL,NULL,NULL,NULL,332543,340739,NULL
1009011,0,1009,4,JL65/1/B,JL65/1B,65梳带贾卡提花电脑机,0,1,500.0000,71,134.0000,134.0000,3216,3216,NULL,0,0,0,0,NULL,NULL,NULL,1,108468,2016-04-15 15:35:57.000,11159,2007-11-06 14:49:06.000,108468,2016-04-15 15:35:57.000,NULL,NULL,NULL,NULL,332543,340739,NULL
1009012,0,1009,4,MRESF43/24,MRESF43/24,43带24把压纱梳普通链块花边机,0,1,270.0000,43,132.0000,132.0000,3168,3168,NULL,0,0,0,0,NULL,NULL,NULL,1,108468,2010-07-16 13:56:51.000,11122,2008-03-18 11:55:14.000,108468,2010-07-16 13:56:51.000,NULL,NULL,NULL,NULL,332542,340741,NULL
1009013,0,1009,4,MRES41-18E,MRES41-18E,41梳普通链块花边机,0,1,375.0000,41,132.0000,132.0000,2376,2376,5.5000,0,0,0,0,NULL,NULL,NULL,1,108468,2010-07-16 13:57:24.000,11122,2009-02-05 09:41:00.000,108468,2010-07-16 13:57:24.000,NULL,NULL,NULL,NULL,332542,340739,NULL
1009014,0,1009,4,MRESF35/18,MRESF35/18,35带18把压纱梳普通链块花边机,0,1,270.0000,35,132.0000,132.0000,3168,3168,NULL,0,0,0,0,NULL,NULL,NULL,1,132966,2012-01-02 16:37:16.000,107652,2009-04-24 08:40:16.000,132966,2012-01-02 16:37:16.000,NULL,NULL,NULL,NULL,332542,340740,NULL
1009015,0,1009,4,MRSJ73/1,MRSJ73/1,73梳带贾卡提花电脑机,0,1,280.0000,73,132.0000,132.0000,3168,3168,NULL,0,0,0,0,NULL,NULL,NULL,1,140418,2012-02-08 10:30:08.000,140100,2011-11-20 17:43:25.000,140418,2012-02-08 10:30:08.000,NULL,NULL,NULL,NULL,332543,394774,NULL
1009016,0,1009,4,RS45,RS45,RS45经编机,0,1,600.0000,45,132.0000,132.0000,3216,3216,NULL,0,0,0,0,NULL,NULL,NULL,1,88888,2013-02-18 09:56:38.000,140100,2012-02-15 10:20:28.000,88888,2013-02-18 09:56:38.000,NULL,NULL,NULL,NULL,332542,401369,NULL
1009017,0,1009,4,RS41,RS41,RS41经编机,0,1,600.0000,41,132.0000,132.0000,3216,3216,NULL,0,0,0,0,NULL,NULL,NULL,1,88888,2013-02-18 09:56:50.000,140100,2012-02-15 10:30:09.000,88888,2013-02-18 09:56:50.000,NULL,NULL,NULL,NULL,332542,401369,NULL
1009018,0,1009,4,FHMR41,FHMR41,NULL,0,1,375.0000,41,132.0000,132.0000,3168,3168,NULL,0,0,0,0,NULL,NULL,NULL,1,140100,2012-05-21 17:27:45.000,140100,2012-05-21 17:21:27.000,140100,2012-05-21 17:27:45.000,NULL,NULL,NULL,NULL,332542,413754,NULL
1009019,0,1009,4,ML41,ML41,41梳不带贾卡花边机,0,1,810.0000,41,134.0000,134.0000,3216,3216,NULL,0,0,0,0,NULL,NULL,NULL,1,108468,2016-04-13 17:07:33.000,140100,2012-09-27 14:32:20.000,108468,2016-04-13 17:07:33.000,NULL,NULL,NULL,NULL,332542,430250,NULL
1009020,0,1009,4,ML46,ML46,46梳不带贾卡花边机,0,1,910.0000,46,134.0000,134.0000,3216,3216,NULL,0,0,0,0,NULL,NULL,NULL,1,108468,2016-04-13 17:07:49.000,140100,2013-01-07 17:57:33.000,108468,2016-04-13 17:07:49.000,NULL,NULL,NULL,NULL,332542,430250,NULL
1009021,0,1009,4,LRJ83/1F,LRJ83/1F,83梳贾卡电脑花边机,0,1,510.0000,92,134.0000,134.0000,3216,3216,NULL,0,0,0,0,NULL,NULL,NULL,1,108468,2016-04-13 17:12:31.000,140100,2013-04-26 17:25:23.000,108468,2016-04-13 17:12:31.000,NULL,NULL,NULL,NULL,332543,462867,NULL
1009022,0,1009,4,LRJ83/1B,LRJ83/1B,83梳电脑贾卡机,0,1,510.0000,92,134.0000,134.0000,3216,3216,NULL,0,0,0,0,NULL,NULL,NULL,1,108468,2016-04-13 17:12:22.000,140100,2013-04-26 17:26:33.000,108468,2016-04-13 17:12:22.000,NULL,NULL,NULL,NULL,332543,462867,NULL
1009023,0,1009,4,LRT 71/1/36-28E,LRT 71/1/36-28E,电脑带贾卡28针压纱,0,1,510.0000,78,134.0000,134.0000,3752,3752,NULL,0,0,0,0,NULL,NULL,NULL,1,108468,2016-04-13 17:10:03.000,140100,2013-05-27 09:44:55.000,108468,2016-04-13 17:10:03.000,NULL,NULL,NULL,NULL,332543,467556,NULL
1009024,0,1009,4,LRT71/1/36,LRT71/1/36,电脑带贾卡压纱24针机,0,1,510.0000,78,134.0000,134.0000,3216,3216,NULL,0,0,0,0,NULL,NULL,NULL,1,108468,2016-04-13 17:11:15.000,140100,2013-05-27 09:52:35.000,108468,2016-04-13 17:11:15.000,NULL,NULL,NULL,NULL,332543,467556,NULL
1009025,0,1009,4,LRJ65/1B,LRJ65/1B,65梳电脑贾卡花边机,0,1,810.0000,65,134.0000,134.0000,3216,3216,NULL,0,0,0,0,,NULL,,1,108468,2016-04-13 17:14:07.000,140100,2013-06-28 16:57:00.000,108468,2016-04-13 17:14:07.000,NULL,NULL,NULL,NULL,332543,472660,NULL
1009026,0,1009,4,JL85/1B,JL85/1B,85梳电脑贾卡花边机,0,1,860.0000,91,134.0000,134.0000,3216,3216,NULL,0,0,0,0,NULL,NULL,NULL,1,108468,2016-04-13 17:18:26.000,213427,2015-08-10 15:30:10.000,108468,2016-04-13 17:18:26.000,NULL,NULL,NULL,NULL,332543,472660,NULL
1009027,0,1009,4,外购布机型,外购布机型,NULL,0,0,0.0000,NULL,NULL,NULL,NULL,NULL,NULL,0,0,0,0,NULL,NULL,NULL,0,NULL,NULL,108468,2016-10-14 10:55:24.000,NULL,NULL,NULL,NULL,NULL,NULL,332543,472660,NULL
1009027001,0,1009027,4,ML-28E,ML-28E,46梳不带贾卡花边机,0,1,500.0000,46,134.0000,134.0000,3752,3752,NULL,0,0,0,1,140100,NULL,不再使用,0,,NULL,140100,2017-03-09 14:38:03.000,140100,2017-04-13 15:01:52.000,NULL,NULL,NULL,NULL,332542,430250,NULL
1009027002,0,1009027,4,RSE4/1-28E,RSE4/1-28E,NULL,0,1,2200.0000,8,170.0000,170.0000,4760,4760,NULL,0,0,0,0,NULL,NULL,NULL,1,277493,2019-08-05 15:35:15.000,277493,2019-08-05 15:23:08.000,277493,2019-08-05 15:35:15.000,NULL,NULL,NULL,NULL,332543,472660,NULL
1009027003,0,1009027,4,RSE4/1-32E,RSE4/1-32E,NULL,0,1,2000.0000,8,170.0000,170.0000,5440,5440,NULL,0,0,0,0,NULL,NULL,NULL,1,277493,2019-08-05 15:35:16.000,277493,2019-08-05 15:32:22.000,277493,2019-08-05 15:35:16.000,NULL,NULL,NULL,NULL,332543,1213946,NULL
1009027004,0,1009027,4,RSJ4/1-28E,RSJ4/1-28E,NULL,0,1,1800.0000,8,130.0000,130.0000,3640,3640,NULL,0,0,0,0,NULL,NULL,NULL,1,277493,2019-08-05 15:35:18.000,277493,2019-08-05 15:33:18.000,277493,2019-08-05 15:35:18.000,NULL,NULL,NULL,NULL,332543,1213946,NULL
1009027005,0,1009027,4,RSJ5/1-28E,RSJ5/1-28E,NULL,0,1,1700.0000,8,130.0000,130.0000,3640,3640,NULL,0,0,0,0,NULL,NULL,NULL,1,277493,2019-08-05 15:35:20.000,277493,2019-08-05 15:34:38.000,277493,2019-08-05 15:35:20.000,NULL,NULL,NULL,NULL,332543,1213946,NULL
1009028,0,1009,4,JL85/1F,JL85/1F,85梳电脑贾卡花边机,0,1,800.0000,91,134.0000,134.0000,3216,3216,NULL,0,0,0,0,NULL,NULL,NULL,1,277493,2019-03-29 16:55:33.000,140100,2016-11-01 16:31:48.000,277493,2019-03-29 16:55:33.000,NULL,NULL,NULL,NULL,332543,472660,NULL
1009029,0,1009,4,ML41-28E,ML41-28E,46梳不带贾卡花边机,0,1,810.0000,41,134.0000,134.0000,3752,3752,NULL,0,0,0,0,NULL,NULL,NULL,0,,NULL,140100,2017-03-10 11:55:32.000,140100,2017-11-06 15:40:22.000,NULL,NULL,NULL,NULL,332542,430250,NULL
1009030,0,1009,4,ML-28E,ML-28E,NULL,0,1,500.0000,46,134.0000,134.0000,3752,3752,NULL,0,0,0,1,140100,NULL,不再使用,0,NULL,NULL,140100,2017-03-10 11:58:01.000,140100,2017-03-10 14:01:00.000,NULL,NULL,NULL,NULL,332542,430250,NULL
1009031,0,1009,4,ML-28,ML-28,46梳不带贾卡花边机,0,1,500.0000,46,134.0000,134.0000,3752,3752,NULL,0,0,0,1,140100,NULL,不再使用,0,NULL,NULL,140100,2017-03-10 11:59:38.000,140100,2017-04-13 14:53:56.000,NULL,NULL,NULL,NULL,332542,430250,NULL
1009032,0,1009,4,ML-28E,ML-28E,46梳不带贾卡花边机,0,1,500.0000,46,134.0000,134.0000,3752,3752,NULL,0,0,0,1,140100,NULL,不再使用,0,,NULL,140100,2017-03-27 16:31:52.000,140100,2017-04-13 14:54:03.000,NULL,NULL,NULL,NULL,332542,430250,NULL
1009033,0,1009,4,ML-28,ML-28E,41梳不带贾卡花边机,0,1,500.0000,41,134.0000,134.0000,3752,3752,NULL,0,0,0,0,NULL,NULL,NULL,0,,NULL,140100,2017-11-03 11:33:31.000,140100,2017-11-03 11:38:26.000,NULL,NULL,NULL,NULL,332542,430250,NULL
1009034,0,1009,4,ML41-28E,ML41-28E,NULL,0,1,810.0000,41,134.0000,134.0000,3752,3752,NULL,0,0,0,1,277493,NULL,发现ML41-28E上面有一个重复了，成本核算出问题,1,140100,2018-06-15 17:52:40.000,277493,2017-11-03 15:04:34.000,280238,2018-01-29 17:17:16.000,NULL,NULL,NULL,NULL,332542,430250,NULL
1009035,0,1009,4,ML46-28E,ML46-28E,NULL,0,1,810.0000,46,134.0000,134.0000,3752,3752,NULL,0,0,0,0,NULL,NULL,NULL,1,280238,2018-01-29 17:14:19.000,277493,2017-11-03 15:05:44.000,280238,2018-01-29 17:14:19.000,NULL,NULL,NULL,NULL,332542,430250,NULL
1009036,0,1009,4,MRES33-18E,MRES33-18E,NULL,0,1,375.0000,33,132.0000,132.0000,2376,2376,NULL,0,0,0,0,NULL,NULL,NULL,1,277493,2018-08-15 16:35:20.000,277493,2018-08-15 16:33:48.000,NULL,NULL,NULL,NULL,NULL,NULL,332542,340739,NULL
1009037,0,1009,4,OJ91/1B,OJ91/1B,"91梳电脑贾卡花边机 ",0,1,860.0000,93,134.0000,134.0000,3216,3216,NULL,0,0,0,0,NULL,NULL,NULL,1,277493,2018-11-28 08:33:25.000,277493,2018-11-12 17:41:20.000,277493,2018-11-28 08:33:25.000,NULL,NULL,NULL,NULL,332543,1213946,NULL
1009038,0,1009,4,MRES33-24E,MRES33-24E,链块机,0,1,375.0000,33,132.0000,132.0000,3168,3168,NULL,0,0,0,0,NULL,NULL,NULL,1,277493,2019-04-02 14:48:59.000,277493,2019-04-02 14:46:48.000,277493,2019-04-02 14:48:59.000,NULL,NULL,NULL,NULL,332542,340739,NULL
1009039,0,1009,4,MRES41-24E,MRES41-24E,NULL,0,1,375.0000,41,132.0000,132.0000,3168,3168,NULL,0,0,0,1,277493,NULL,不再使用,0,,NULL,277493,2019-04-02 14:49:57.000,277493,2019-04-02 15:13:23.000,NULL,NULL,NULL,NULL,332542,340739,NULL
1009040,0,1009,4,OJ91/1F,OJ91/1F,NULL,0,1,860.0000,93,134.0000,134.0000,3216,3216,NULL,0,0,0,0,NULL,NULL,NULL,1,277493,2019-07-02 09:49:16.000,277493,2019-07-02 09:47:36.000,NULL,NULL,NULL,NULL,NULL,NULL,332543,1213946,NULL
1010,1,1,4,011,经编打样机,NULL,0,1,1.0000,1,1.0000,1.0000,1,1,1.0000,0,0,0,0,NULL,NULL,NULL,1,140100,2012-02-15 10:00:52.000,103612,2007-12-18 10:57:30.000,140100,2012-02-15 10:00:52.000,NULL,NULL,NULL,NULL,NULL,NULL,NULL
1011,1,1,4,001,定型机,NULL,1,0,0.0000,NULL,NULL,NULL,NULL,NULL,NULL,0,0,0,0,NULL,NULL,NULL,0,NULL,NULL,108468,2013-01-25 10:29:09.000,12488,2013-01-25 17:02:27.000,NULL,NULL,NULL,NULL,NULL,NULL,NULL
1011001,0,1011,4,D001,乘福1,NULL,0,0,0.0000,NULL,NULL,NULL,NULL,NULL,NULL,0,0,0,0,NULL,NULL,NULL,0,NULL,NULL,12488,2013-01-25 16:57:13.000,NULL,NULL,NULL,NULL,NULL,NULL,NULL,NULL,NULL
1011002,0,1011,4,D002,乘福2,NULL,0,0,0.0000,NULL,NULL,NULL,NULL,NULL,NULL,0,0,0,0,NULL,NULL,NULL,0,NULL,NULL,12488,2013-01-25 16:58:18.000,NULL,NULL,NULL,NULL,NULL,NULL,NULL,NULL,NULL
1011003,0,1011,4,D003,立信门富士,NULL,0,1,1.0000,1,1.0000,1.0000,1,1,1.0000,0,0,0,0,NULL,NULL,NULL,0,NULL,NULL,12488,2013-01-25 17:02:33.000,108468,2014-03-31 11:35:29.000,NULL,NULL,NULL,1.00,NULL,NULL,NULL
1012,1,1,4,002,脱水机,NULL,1,0,0.0000,NULL,NULL,NULL,NULL,NULL,NULL,0,0,0,0,NULL,NULL,NULL,0,NULL,NULL,108468,2013-01-25 10:30:01.000,108468,2013-01-25 16:54:36.000,NULL,NULL,NULL,NULL,NULL,NULL,NULL
1012001,0,1012,4,T01,祝祥除油水洗机,NULL,0,0,0.0000,NULL,NULL,NULL,NULL,NULL,NULL,0,0,0,0,NULL,NULL,NULL,0,NULL,NULL,12488,2013-01-25 16:46:11.000,108468,2013-01-25 16:56:24.000,NULL,NULL,NULL,NULL,NULL,NULL,NULL
1013,257,1,4,012,剪线设备,NULL,1,0,0.0000,NULL,NULL,NULL,NULL,NULL,NULL,0,0,0,0,NULL,NULL,NULL,0,NULL,NULL,168347,2013-03-07 10:46:21.000,168347,2013-03-07 10:56:28.000,NULL,NULL,NULL,NULL,NULL,NULL,NULL
1013001,0,1013,4,01201,剪线机,NULL,0,1,1.0000,1,1.0000,1.0000,1,1,1.0000,0,0,0,0,NULL,NULL,NULL,0,NULL,NULL,168347,2013-03-07 10:56:30.000,168347,2013-03-07 11:24:25.000,NULL,1.00,1.00,1.00,NULL,NULL,NULL
1013002,0,1013,4,01202,挑线机,NULL,0,1,10.0000,1,1.0000,1.0000,1,1,1.0000,0,0,0,0,NULL,NULL,NULL,0,NULL,NULL,168347,2013-03-07 10:56:39.000,168347,2013-03-07 11:24:37.000,NULL,1.00,1.00,11.00,NULL,NULL,NULL
1014,5289,1,4,013,络丝机,NULL,1,0,0.0000,NULL,NULL,NULL,NULL,NULL,1.0000,0,0,0,0,NULL,NULL,NULL,0,NULL,NULL,108468,2014-04-25 14:58:05.000,NULL,NULL,NULL,1.00,1.00,1.00,NULL,NULL,NULL
1014001,0,1014,4,013A,RZ2002,180-628M/Min,0,1,628.0000,1,1160.0000,1160.0000,1,1,1.0000,0,0,0,0,NULL,NULL,NULL,0,NULL,NULL,108468,2014-04-25 15:55:12.000,NULL,NULL,NULL,1.00,1.00,1.00,NULL,NULL,NULL
1014002,0,1014,4,013B,KV2002,180-628m/min,0,1,5000.0000,1,1230.0000,1230.0000,1,1,1.0000,0,0,0,0,NULL,NULL,NULL,0,NULL,NULL,108468,2014-04-25 15:56:27.000,NULL,NULL,NULL,1.00,1.00,1.00,NULL,NULL,NULL
1015,1282623753,1,4,014,复合捻线机,NULL,1,0,0.0000,NULL,NULL,NULL,NULL,NULL,NULL,0,0,0,0,NULL,NULL,NULL,0,NULL,NULL,108468,2014-04-25 15:00:20.000,108468,2014-04-25 15:01:53.000,NULL,NULL,NULL,NULL,NULL,NULL,NULL
1015001,0,1015,4,014A,KV2005,NULL,0,1,1.0000,1,1.0000,1.0000,1,1,1.0000,0,0,0,0,NULL,NULL,NULL,0,NULL,NULL,108468,2014-04-25 15:57:56.000,NULL,NULL,NULL,1.00,1.00,1.00,NULL,NULL,NULL
1015002,0,1015,4,014b,ZR2005A,NULL,0,1,1.0000,1,1.0000,1.0000,1,1,1.0000,0,0,0,0,NULL,NULL,NULL,0,NULL,NULL,108468,2014-04-25 15:58:52.000,NULL,NULL,NULL,1.00,1.00,1.00,NULL,NULL,NULL
1016,1282623753,1,4,015,络筒机,NULL,1,0,0.0000,NULL,NULL,NULL,NULL,NULL,NULL,0,0,0,0,NULL,NULL,NULL,0,NULL,NULL,108468,2014-04-25 15:00:30.000,NULL,NULL,NULL,NULL,NULL,NULL,NULL,NULL,NULL
1016001,0,1016,4,015A,ZR2006,NULL,0,1,1.0000,1,1.0000,1.0000,1,1,1.0000,0,0,0,0,NULL,NULL,NULL,0,NULL,NULL,108468,2014-04-25 15:59:26.000,NULL,NULL,NULL,1.00,1.00,1.00,NULL,NULL,NULL
1016002,0,1016,4,015B,FH280*80,NULL,0,1,1.0000,1,1.0000,1.0000,1,1,1.0000,0,0,0,0,NULL,NULL,NULL,0,NULL,NULL,108468,2014-05-22 08:01:02.000,NULL,NULL,NULL,1.00,1.00,1.00,NULL,NULL,NULL
1017,1,1,4,016,水洗机,NULL,0,1,1.0000,1,1.0000,1.0000,1,1,1.0000,0,0,0,0,NULL,NULL,NULL,0,NULL,NULL,108468,2014-05-20 17:35:28.000,108468,2014-08-17 14:24:09.000,NULL,1.00,1.00,1.00,NULL,NULL,NULL
1018,1,1,4,017,并纱机,NULL,0,1,1.0000,1,1.0000,1.0000,1,1,NULL,0,0,0,0,NULL,NULL,NULL,0,NULL,NULL,108468,2014-10-16 11:19:22.000,NULL,NULL,NULL,NULL,NULL,1.00,NULL,NULL,NULL
1019,1,1,4,018,倍捻机,NULL,0,0,1.0000,1,1.0000,1.0000,1,1,NULL,0,0,0,0,NULL,NULL,NULL,0,NULL,NULL,108468,2014-10-16 11:20:08.000,108468,2015-08-13 17:22:02.000,NULL,NULL,NULL,1.00,NULL,NULL,NULL
1019001,0,1019,4,DX321F,DX321F,NULL,0,1,1.0000,1,1.0000,1.0000,1,1,NULL,0,0,0,0,NULL,NULL,NULL,0,NULL,NULL,108468,2015-08-13 17:24:03.000,NULL,NULL,NULL,NULL,NULL,1.00,NULL,NULL,NULL
1020,1,1,4,020,订边机,NULL,1,0,0.0000,NULL,NULL,NULL,NULL,NULL,NULL,0,0,0,0,NULL,NULL,NULL,1,277493,2018-11-15 10:51:51.000,277493,2018-11-14 18:03:27.000,277493,2018-11-15 10:51:51.000,NULL,NULL,NULL,NULL,NULL,NULL,NULL
1021,1,1,4,021,验布机,NULL,1,0,0.0000,NULL,NULL,NULL,NULL,NULL,NULL,0,0,0,0,NULL,NULL,NULL,1,277493,2018-11-15 10:51:50.000,277493,2018-11-14 18:03:53.000,277493,2018-11-15 10:51:50.000,NULL,NULL,NULL,NULL,NULL,NULL,NULL
1022,1,1,4,022,自动送料机,NULL,1,0,0.0000,NULL,NULL,NULL,NULL,NULL,NULL,0,0,0,0,NULL,NULL,NULL,1,277493,2018-11-15 10:51:47.000,277493,2018-11-15 10:51:04.000,277493,2018-11-15 10:51:47.000,NULL,NULL,NULL,NULL,NULL,NULL,NULL
1023,1,1,4,023,自动称料机,NULL,1,0,0.0000,NULL,NULL,NULL,NULL,NULL,NULL,0,0,0,0,NULL,NULL,NULL,1,277493,2018-11-15 10:51:53.000,277493,2018-11-15 10:51:21.000,277493,2018-11-15 10:51:53.000,NULL,NULL,NULL,NULL,NULL,NULL,NULL
1024,1,1,4,024,自动化料机,NULL,1,0,0.0000,NULL,NULL,NULL,NULL,NULL,NULL,0,0,0,0,NULL,NULL,NULL,1,277493,2018-11-15 10:51:54.000,277493,2018-11-15 10:51:37.000,277493,2018-11-15 10:51:54.000,NULL,NULL,NULL,NULL,NULL,NULL,NULL
1025,1869768225,1,4,025,化验室设备,NULL,0,0,0.0000,NULL,NULL,NULL,NULL,NULL,NULL,0,0,0,0,NULL,NULL,NULL,1,277493,2018-11-15 11:14:49.000,277493,2018-11-15 11:07:56.000,277493,2018-11-15 11:14:49.000,NULL,NULL,NULL,NULL,NULL,NULL,NULL
1025001,1967333493,1025,4,02501,染色打样机,NULL,1,0,0.0000,NULL,NULL,NULL,NULL,NULL,NULL,0,0,0,0,NULL,NULL,NULL,1,277493,2018-11-15 11:14:51.000,277493,2018-11-15 11:10:42.000,277493,2018-11-15 11:14:51.000,NULL,NULL,NULL,NULL,NULL,NULL,NULL
1025002,1967333493,1025,4,02502,小样定型机,NULL,1,0,0.0000,NULL,NULL,NULL,NULL,NULL,NULL,0,0,0,0,NULL,NULL,NULL,1,277493,2018-11-15 11:14:53.000,277493,2018-11-15 11:11:25.000,277493,2018-11-15 11:14:53.000,NULL,NULL,NULL,NULL,NULL,NULL,NULL
1025003,1967333493,1025,4,02503,压模机,NULL,1,0,0.0000,NULL,NULL,NULL,NULL,NULL,NULL,0,0,0,0,NULL,NULL,NULL,1,277493,2018-11-15 11:14:54.000,277493,2018-11-15 11:11:52.000,277493,2018-11-15 11:14:54.000,NULL,NULL,NULL,NULL,NULL,NULL,NULL
1025004,1967333493,1025,4,02504,甘油试色机,NULL,1,0,0.0000,NULL,NULL,NULL,NULL,NULL,NULL,0,0,0,0,NULL,NULL,NULL,1,277493,2018-11-15 11:14:56.000,277493,2018-11-15 11:12:10.000,277493,2018-11-15 11:14:56.000,NULL,NULL,NULL,NULL,NULL,NULL,NULL
1025005,1967333493,1025,4,02505,滴液机,NULL,1,0,0.0000,NULL,NULL,NULL,NULL,NULL,NULL,0,0,0,0,NULL,NULL,NULL,1,277493,2018-11-15 11:14:57.000,277493,2018-11-15 11:12:21.000,277493,2018-11-15 11:14:57.000,NULL,NULL,NULL,NULL,NULL,NULL,NULL
1025006,1967333493,1025,4,02506,泡料机,NULL,1,0,0.0000,NULL,NULL,NULL,NULL,NULL,NULL,0,0,0,0,NULL,NULL,NULL,1,277493,2018-11-15 11:14:59.000,277493,2018-11-15 11:12:36.000,277493,2018-11-15 11:14:59.000,NULL,NULL,NULL,NULL,NULL,NULL,NULL
1025007,0,1025,4,02507,小脱水机,NULL,1,0,0.0000,NULL,NULL,NULL,NULL,NULL,NULL,0,0,0,0,NULL,NULL,NULL,1,277493,2018-12-03 15:22:08.000,277493,2018-12-03 15:21:48.000,NULL,NULL,NULL,NULL,NULL,NULL,NULL,NULL,NULL
1026,1869768225,1,4,026,开幅机,NULL,1,0,0.0000,NULL,NULL,NULL,NULL,NULL,NULL,0,0,0,0,NULL,NULL,NULL,1,277493,2018-11-15 11:14:41.000,277493,2018-11-15 11:13:06.000,277493,2018-11-15 11:14:41.000,NULL,NULL,NULL,NULL,NULL,NULL,NULL
1027,1869768225,1,4,027,退卷机,NULL,1,0,0.0000,NULL,NULL,NULL,NULL,NULL,NULL,0,0,0,0,NULL,NULL,NULL,1,277493,2018-11-15 11:14:43.000,277493,2018-11-15 11:13:22.000,277493,2018-11-15 11:14:43.000,NULL,NULL,NULL,NULL,NULL,NULL,NULL
1028,1869768225,1,4,028,布车,NULL,1,0,0.0000,NULL,NULL,NULL,NULL,NULL,NULL,0,0,0,0,NULL,NULL,NULL,1,277493,2018-11-15 11:14:44.000,277493,2018-11-15 11:14:08.000,277493,2018-11-15 11:14:44.000,NULL,NULL,NULL,NULL,NULL,NULL,NULL
1029,1869768225,1,4,029,污水处理设备,NULL,1,0,0.0000,NULL,NULL,NULL,NULL,NULL,NULL,0,0,0,0,NULL,NULL,NULL,1,277493,2018-11-15 11:14:46.000,277493,2018-11-15 11:14:23.000,277493,2018-11-15 11:14:46.000,NULL,NULL,NULL,NULL,NULL,NULL,NULL
1030,1,1,4,030,烟处理设备,NULL,1,0,0.0000,NULL,NULL,NULL,NULL,NULL,NULL,0,0,0,0,NULL,NULL,NULL,1,277493,2018-11-16 09:26:18.000,277493,2018-11-16 09:26:01.000,NULL,NULL,NULL,NULL,NULL,NULL,NULL,NULL,NULL
